{"Linear Regression": {"R2": 0.6722047299637571, "MSE_Train": 0.03682490939897062, "MSE_Test": 0.06329357331376188}, "Lasso Regression": {"R2": -0.0045314344126867745, "MSE_Train": 0.1243687916391821, "MSE_Test": 0.1939637017427005}, "Ridge Regression": {"R2": 0.6720954656807118, "MSE_Train": 0.03682505043858285, "MSE_Test": 0.06331467101571696}, "Polynomial Regression (deg=2)": {"R2": 0.6133403393542712, "MSE_Train": 0.02610029371829518, "MSE_Test": 0.07465962390442317}}