{"degree": [2, 3, 4, 5, 6], "train_mse": [0.02610029371829518, 0.015426344592345896, 0.026739801395037215, 0.03246799933186083, 0.038020240737867236], "test_mse": [0.07465962390442317, 0.13583608551907633, 0.0951209973859048, 0.21050933301548186, 0.31473111222506023]}